id,name,validFrom
ocd-division/country:ca/province:ab/ed:banff-airdrie,Banff—Airdrie,2015-08-02
ocd-division/country:ca/province:ab/ed:battle_river-crowfoot,Battle River—Crowfoot,2015-08-02
ocd-division/country:ca/province:ab/ed:bow_river-2015,Bow River,2015-08-02
ocd-division/country:ca/province:ab/ed:calgary_centre-2004,Calgary Centre,2004-09-01
ocd-division/country:ca/province:ab/ed:calgary_confederation,Calgary Confederation,2015-08-02
ocd-division/country:ca/province:ab/ed:calgary_forest_lawn,Calgary Forest Lawn,2015-08-02
ocd-division/country:ca/province:ab/ed:calgary_heritage,Calgary Heritage,2015-08-02
ocd-division/country:ca/province:ab/ed:calgary_midnapore,Calgary Midnapore,2015-08-02
ocd-division/country:ca/province:ab/ed:calgary_nose_hill,Calgary Nose Hill,2015-08-02
ocd-division/country:ca/province:ab/ed:calgary_rocky_ridge,Calgary Rocky Ridge,2015-08-02
ocd-division/country:ca/province:ab/ed:calgary_shepard,Calgary Shepard,2015-08-02
ocd-division/country:ca/province:ab/ed:calgary_signal_hill,Calgary Signal Hill,2015-08-02
ocd-division/country:ca/province:ab/ed:calgary_skyview,Calgary Skyview,2015-08-02
ocd-division/country:ca/province:ab/ed:edmonton-wetaskiwin,Edmonton—Wetaskiwin,2015-08-02
ocd-division/country:ca/province:ab/ed:edmonton_centre-2004,Edmonton Centre,2004-05-23
ocd-division/country:ca/province:ab/ed:edmonton_griesbach,Edmonton Griesbach,2015-08-02
ocd-division/country:ca/province:ab/ed:edmonton_manning,Edmonton Manning,2015-08-02
ocd-division/country:ca/province:ab/ed:edmonton_mill_woods,Edmonton Mill Woods,2015-08-02
ocd-division/country:ca/province:ab/ed:edmonton_riverbend,Edmonton Riverbend,2015-08-02
ocd-division/country:ca/province:ab/ed:edmonton_strathcona,Edmonton Strathcona,2015-08-02
ocd-division/country:ca/province:ab/ed:edmonton_west-2015,Edmonton West,2015-08-02
ocd-division/country:ca/province:ab/ed:foothills,Foothills,2015-08-02
ocd-division/country:ca/province:ab/ed:fort_mcmurray-cold_lake,Fort McMurray—Cold Lake,2015-08-02
ocd-division/country:ca/province:ab/ed:grande_prairie-mackenzie,Grande Prairie—Mackenzie,2015-08-02
ocd-division/country:ca/province:ab/ed:lakeland-2015,Lakeland,2015-08-02
ocd-division/country:ca/province:ab/ed:lethbridge,Lethbridge,1988-10-01
ocd-division/country:ca/province:ab/ed:medicine_hat-cardston-warner,Medicine Hat—Cardston—Warner,2015-08-02
ocd-division/country:ca/province:ab/ed:peace_river-westlock,Peace River—Westlock,2015-08-02
ocd-division/country:ca/province:ab/ed:red_deer-lacombe,Red Deer—Lacombe,2015-08-02
ocd-division/country:ca/province:ab/ed:red_deer-mountain_view,Red Deer—Mountain View,2015-08-02
ocd-division/country:ca/province:ab/ed:sherwood_park-fort_saskatchewan,Sherwood Park—Fort Saskatchewan,2015-08-02
ocd-division/country:ca/province:ab/ed:st._albert-edmonton,St. Albert—Edmonton,2015-08-02
ocd-division/country:ca/province:ab/ed:sturgeon_river-parkland,Sturgeon River—Parkland,2015-08-02
ocd-division/country:ca/province:ab/ed:yellowhead,Yellowhead,1979-03-26
ocd-division/country:ca/province:bc/ed:abbotsford,Abbotsford,2004-05-23
ocd-division/country:ca/province:bc/ed:burnaby_north-seymour,Burnaby North—Seymour,2015-08-02
ocd-division/country:ca/province:bc/ed:burnaby_south,Burnaby South,2015-08-02
ocd-division/country:ca/province:bc/ed:cariboo-prince_george,Cariboo—Prince George,2004-05-23
ocd-division/country:ca/province:bc/ed:central_okanagan-similkameen-nicola,Central Okanagan—Similkameen—Nicola,2015-08-02
ocd-division/country:ca/province:bc/ed:chilliwack-hope,Chilliwack—Hope,2015-08-02
ocd-division/country:ca/province:bc/ed:cloverdale-langley_city,Cloverdale—Langley City,2015-08-02
ocd-division/country:ca/province:bc/ed:coquitlam-port_coquitlam,Coquitlam—Port Coquitlam,2015-08-02
ocd-division/country:ca/province:bc/ed:courtenay-alberni,Courtenay—Alberni,2015-08-02
ocd-division/country:ca/province:bc/ed:cowichan-malahat-langford,Cowichan—Malahat—Langford,2015-08-02
ocd-division/country:ca/province:bc/ed:delta-2015,Delta,2015-08-02
ocd-division/country:ca/province:bc/ed:esquimalt-saanich-sooke,Esquimalt—Saanich—Sooke,2015-08-02
ocd-division/country:ca/province:bc/ed:fleetwood-port_kells,Fleetwood—Port Kells,2004-05-23
ocd-division/country:ca/province:bc/ed:kamloops-thompson-cariboo,Kamloops—Thompson—Cariboo,2004-09-01
ocd-division/country:ca/province:bc/ed:kelowna-lake_country,Kelowna—Lake Country,2004-09-01
ocd-division/country:ca/province:bc/ed:kootenay-columbia,Kootenay—Columbia,1997-04-27
ocd-division/country:ca/province:bc/ed:langley-aldergrove,Langley—Aldergrove,2015-08-02
ocd-division/country:ca/province:bc/ed:mission-matsqui-fraser_canyon,Mission—Matsqui—Fraser Canyon,2015-08-02
ocd-division/country:ca/province:bc/ed:nanaimo-ladysmith,Nanaimo—Ladysmith,2015-08-02
ocd-division/country:ca/province:bc/ed:new_westminster-burnaby-2015,New Westminster—Burnaby,2015-08-02
ocd-division/country:ca/province:bc/ed:north_island-powell_river-2015,North Island—Powell River,2015-08-02
ocd-division/country:ca/province:bc/ed:north_okanagan-shuswap,North Okanagan—Shuswap,2015-08-02
ocd-division/country:ca/province:bc/ed:north_vancouver,North Vancouver,1988-10-01
ocd-division/country:ca/province:bc/ed:pitt_meadows-maple_ridge,Pitt Meadows—Maple Ridge,2015-08-02
ocd-division/country:ca/province:bc/ed:port_moody-coquitlam,Port Moody—Coquitlam,2015-08-02
ocd-division/country:ca/province:bc/ed:prince_george-peace_river-northern_rockies,Prince George—Peace River—Northern Rockies,2015-08-02
ocd-division/country:ca/province:bc/ed:richmond_centre,Richmond Centre,2015-08-02
ocd-division/country:ca/province:bc/ed:saanich-gulf_islands,Saanich—Gulf Islands,1988-10-01
ocd-division/country:ca/province:bc/ed:skeena-bulkley_valley,Skeena—Bulkley Valley,2004-05-23
ocd-division/country:ca/province:bc/ed:south_okanagan-west_kootenay,South Okanagan—West Kootenay,2015-03-02
ocd-division/country:ca/province:bc/ed:south_surrey-white_rock,South Surrey—White Rock,2015-08-02
ocd-division/country:ca/province:bc/ed:steveston-richmond_east,Steveston—Richmond East,2015-08-02
ocd-division/country:ca/province:bc/ed:surrey-newton,Surrey—Newton,2015-08-02
ocd-division/country:ca/province:bc/ed:surrey_centre,Surrey Centre,2015-08-02
ocd-division/country:ca/province:bc/ed:vancouver_centre,Vancouver Centre,1917-10-06
ocd-division/country:ca/province:bc/ed:vancouver_east,Vancouver East,1935-08-14
ocd-division/country:ca/province:bc/ed:vancouver_granville,Vancouver Granville,2015-08-02
ocd-division/country:ca/province:bc/ed:vancouver_kingsway-1997,Vancouver Kingsway,1997-04-27
ocd-division/country:ca/province:bc/ed:vancouver_quadra,Vancouver Quadra,1949-04-30
ocd-division/country:ca/province:bc/ed:vancouver_south-2004,Vancouver South,2004-05-23
ocd-division/country:ca/province:bc/ed:victoria-1925,Victoria,1925-09-05
ocd-division/country:ca/province:bc/ed:west_vancouver-sunshine_coast-sea_to_sky_country,West Vancouver—Sunshine Coast—Sea to Sky Country,2004-09-01
ocd-division/country:ca/province:mb/ed:brandon-souris,Brandon—Souris,1953-06-13
ocd-division/country:ca/province:mb/ed:charleswood-st._james-assiniboia-headingley,Charleswood—St. James—Assiniboia—Headingley,2015-08-02
ocd-division/country:ca/province:mb/ed:churchill-keewatinook_aski,Churchill—Keewatinook Aski,2015-08-02
ocd-division/country:ca/province:mb/ed:dauphin-swan_river-neepawa,Dauphin—Swan River—Neepawa,2015-08-02
ocd-division/country:ca/province:mb/ed:elmwood-transcona,Elmwood—Transcona,2004-05-23
ocd-division/country:ca/province:mb/ed:kildonan-st._paul,Kildonan—St. Paul,2004-05-23
ocd-division/country:ca/province:mb/ed:portage-lisgar,Portage—Lisgar,1997-04-27
ocd-division/country:ca/province:mb/ed:provencher,Provencher,1871-05-01
ocd-division/country:ca/province:mb/ed:saint_boniface-saint_vital,Saint Boniface—Saint Vital,2015-08-02
ocd-division/country:ca/province:mb/ed:selkirk-interlake-eastman,Selkirk—Interlake—Eastman,2015-08-02
ocd-division/country:ca/province:mb/ed:winnipeg_centre-1997,Winnipeg Centre,1997-04-27
ocd-division/country:ca/province:mb/ed:winnipeg_north,Winnipeg North,2004-05-23
ocd-division/country:ca/province:mb/ed:winnipeg_south-1988,Winnipeg South,1988-10-01
ocd-division/country:ca/province:mb/ed:winnipeg_south_centre-1988,Winnipeg South Centre,1988-10-01
ocd-division/country:ca/province:nb/ed:acadie-bathurst,Acadie—Bathurst,1990-12-19
ocd-division/country:ca/province:nb/ed:beauséjour,Beauséjour,2004-05-23
ocd-division/country:ca/province:nb/ed:fredericton,Fredericton,1997-04-27
ocd-division/country:ca/province:nb/ed:fundy_royal,Fundy Royal,2004-09-01
ocd-division/country:ca/province:nb/ed:madawaska-restigouche,Madawaska—Restigouche,1997-04-27
ocd-division/country:ca/province:nb/ed:miramichi-grand_lake,Miramichi—Grand Lake,2015-08-02
ocd-division/country:ca/province:nb/ed:moncton-riverview-dieppe,Moncton—Riverview—Dieppe,1998-06-18
ocd-division/country:ca/province:nb/ed:new_brunswick_southwest-2004,New Brunswick Southwest,2004-09-01
ocd-division/country:ca/province:nb/ed:saint_john-rothesay,Saint John—Rothesay,2015-08-02
ocd-division/country:ca/province:nb/ed:tobique-mactaquac,Tobique—Mactaquac,1997-04-27
ocd-division/country:ca/province:nl/ed:avalon,Avalon,2004-05-23
ocd-division/country:ca/province:nl/ed:bonavista-burin-trinity,Bonavista—Burin—Trinity,2015-08-02
ocd-division/country:ca/province:nl/ed:coast_of_bays-central-notre_dame,Coast of Bays—Central—Notre Dame,2015-08-02
ocd-division/country:ca/province:nl/ed:labrador,Labrador,1988-10-01
ocd-division/country:ca/province:nl/ed:long_range_mountains,Long Range Mountains,2015-08-02
ocd-division/country:ca/province:nl/ed:st._john~s_east-2004,St. John's East,2004-09-01
ocd-division/country:ca/province:nl/ed:st._john~s_south-mount_pearl,St. John's South—Mount Pearl,2004-09-01
ocd-division/country:ca/province:ns/ed:cape_breton-canso,Cape Breton—Canso,2004-05-23
ocd-division/country:ca/province:ns/ed:central_nova-2004,Central Nova,2004-05-23
ocd-division/country:ca/province:ns/ed:cumberland-colchester-2015,Cumberland—Colchester,2015-08-02
ocd-division/country:ca/province:ns/ed:dartmouth-cole_harbour,Dartmouth—Cole Harbour,2004-05-23
ocd-division/country:ca/province:ns/ed:halifax,Halifax,1867-08-06
ocd-division/country:ca/province:ns/ed:halifax_west,Halifax West,1979-03-26
ocd-division/country:ca/province:ns/ed:kings-hants,Kings—Hants,1997-04-27
ocd-division/country:ca/province:ns/ed:sackville-preston-chezzetcook,Sackville—Preston—Chezzetcook,2015-08-02
ocd-division/country:ca/province:ns/ed:south_shore-st._margarets,South Shore—St. Margarets,2015-08-02
ocd-division/country:ca/province:ns/ed:sydney-victoria,Sydney—Victoria,1997-04-27
ocd-division/country:ca/province:ns/ed:west_nova,West Nova,1997-04-27
ocd-division/country:ca/province:on/ed:ajax,Ajax,2015-08-02
ocd-division/country:ca/province:on/ed:algoma-manitoulin-kapuskasing,Algoma—Manitoulin—Kapuskasing,2004-05-23
ocd-division/country:ca/province:on/ed:aurora-oak_ridges-richmond_hill,Aurora—Oak Ridges—Richmond Hill,2015-08-02
ocd-division/country:ca/province:on/ed:barrie-innisfil,Barrie—Innisfil,2015-08-02
ocd-division/country:ca/province:on/ed:barrie-springwater-oro-medonte,Barrie—Springwater—Oro-Medonte,2015-08-02
ocd-division/country:ca/province:on/ed:bay_of_quinte,Bay of Quinte,2015-08-02
ocd-division/country:ca/province:on/ed:beaches-east_york,Beaches—East York,1997-04-27
ocd-division/country:ca/province:on/ed:brampton_centre-2015,Brampton Centre,2015-08-02
ocd-division/country:ca/province:on/ed:brampton_east,Brampton East,2015-08-02
ocd-division/country:ca/province:on/ed:brampton_north,Brampton North,2015-08-02
ocd-division/country:ca/province:on/ed:brampton_south,Brampton South,2015-08-02
ocd-division/country:ca/province:on/ed:brampton_west,Brampton West,2004-05-23
ocd-division/country:ca/province:on/ed:brantford-brant,Brantford—Brant,2015-08-02
ocd-division/country:ca/province:on/ed:bruce-grey-owen_sound,Bruce—Grey—Owen Sound,2004-09-01
ocd-division/country:ca/province:on/ed:burlington,Burlington,1979-03-26
ocd-division/country:ca/province:on/ed:cambridge,Cambridge,1979-03-26
ocd-division/country:ca/province:on/ed:carleton-2015,Carleton,2015-08-02
ocd-division/country:ca/province:on/ed:chatham-kent-leamington,Chatham-Kent—Leamington,2015-08-02
ocd-division/country:ca/province:on/ed:davenport,Davenport,1935-08-14
ocd-division/country:ca/province:on/ed:don_valley_east,Don Valley East,1979-03-26
ocd-division/country:ca/province:on/ed:don_valley_north-2015,Don Valley North,2015-08-02
ocd-division/country:ca/province:on/ed:don_valley_west,Don Valley West,1979-03-26
ocd-division/country:ca/province:on/ed:dufferin-caledon,Dufferin—Caledon,2004-05-23
ocd-division/country:ca/province:on/ed:durham-2004,Durham,2004-09-01
ocd-division/country:ca/province:on/ed:eglinton-lawrence,Eglinton—Lawrence,1979-03-26
ocd-division/country:ca/province:on/ed:elgin-middlesex-london,Elgin—Middlesex—London,1997-04-27
ocd-division/country:ca/province:on/ed:essex-1997,Essex,1997-04-27
ocd-division/country:ca/province:on/ed:etobicoke-lakeshore,Etobicoke—Lakeshore,1979-03-26
ocd-division/country:ca/province:on/ed:etobicoke_centre,Etobicoke Centre,1979-03-26
ocd-division/country:ca/province:on/ed:etobicoke_north,Etobicoke North,1979-03-26
ocd-division/country:ca/province:on/ed:flamborough-glanbrook,Flamborough—Glanbrook,2015-08-02
ocd-division/country:ca/province:on/ed:glengarry-prescott-russell,Glengarry—Prescott—Russell,1970-06-26
ocd-division/country:ca/province:on/ed:guelph-2004,Guelph,2004-05-23
ocd-division/country:ca/province:on/ed:haldimand-norfolk-2004,Haldimand—Norfolk,2004-05-23
ocd-division/country:ca/province:on/ed:haliburton-kawartha_lakes-brock,Haliburton—Kawartha Lakes—Brock,2004-05-23
ocd-division/country:ca/province:on/ed:hamilton_centre,Hamilton Centre,2004-05-23
ocd-division/country:ca/province:on/ed:hamilton_east-stoney_creek,Hamilton East—Stoney Creek,2004-05-23
ocd-division/country:ca/province:on/ed:hamilton_mountain,Hamilton Mountain,1968-04-23
ocd-division/country:ca/province:on/ed:hamilton_west-ancaster-dundas,Hamilton West—Ancaster—Dundas,2015-08-02
ocd-division/country:ca/province:on/ed:hastings-lennox_and_addington,Hastings—Lennox and Addington,2015-08-02
ocd-division/country:ca/province:on/ed:humber_river-black_creek,Humber River—Black Creek,2015-08-02
ocd-division/country:ca/province:on/ed:huron-bruce,Huron—Bruce,1979-03-26
ocd-division/country:ca/province:on/ed:kanata-carleton,Kanata—Carleton,2015-08-02
ocd-division/country:ca/province:on/ed:kenora,Kenora,2004-05-23
ocd-division/country:ca/province:on/ed:king-vaughan,King—Vaughan,2015-08-02
ocd-division/country:ca/province:on/ed:kingston_and_the_islands,Kingston and the Islands,1968-04-23
ocd-division/country:ca/province:on/ed:kitchener-conestoga,Kitchener—Conestoga,2005-02-24
ocd-division/country:ca/province:on/ed:kitchener_centre,Kitchener Centre,1997-04-27
ocd-division/country:ca/province:on/ed:kitchener_south-hespeler,Kitchener South—Hespeler,2015-08-02
ocd-division/country:ca/province:on/ed:lambton-kent-middlesex,Lambton—Kent—Middlesex,2004-09-01
ocd-division/country:ca/province:on/ed:lanark-frontenac-kingston,Lanark—Frontenac—Kingston,2015-08-02
ocd-division/country:ca/province:on/ed:leeds-grenville-thousand_islands_and_rideau_lakes,Leeds—Grenville—Thousand Islands and Rideau Lakes,2015-08-02
ocd-division/country:ca/province:on/ed:london-fanshawe,London—Fanshawe,1997-04-27
ocd-division/country:ca/province:on/ed:london_north_centre,London North Centre,1997-04-27
ocd-division/country:ca/province:on/ed:london_west,London West,1968-04-23
ocd-division/country:ca/province:on/ed:markham-stouffville,Markham—Stouffville,2015-08-02
ocd-division/country:ca/province:on/ed:markham-thornhill,Markham—Thornhill,2015-08-02
ocd-division/country:ca/province:on/ed:markham-unionville,Markham—Unionville,2004-05-23
ocd-division/country:ca/province:on/ed:milton,Milton,2015-08-02
ocd-division/country:ca/province:on/ed:mississauga-erin_mills,Mississauga—Erin Mills,2015-08-02
ocd-division/country:ca/province:on/ed:mississauga-lakeshore,Mississauga—Lakeshore,2015-08-02
ocd-division/country:ca/province:on/ed:mississauga-malton,Mississauga—Malton,2015-08-02
ocd-division/country:ca/province:on/ed:mississauga-streetsville,Mississauga—Streetsville,2004-05-23
ocd-division/country:ca/province:on/ed:mississauga_centre-2015,Mississauga Centre,2015-08-02
ocd-division/country:ca/province:on/ed:mississauga_east-cooksville,Mississauga East—Cooksville,2015-08-02
ocd-division/country:ca/province:on/ed:nepean-2015,Nepean,2015-08-02
ocd-division/country:ca/province:on/ed:newmarket-aurora,Newmarket—Aurora,2004-05-23
ocd-division/country:ca/province:on/ed:niagara_centre-2015,Niagara Centre,2015-08-02
ocd-division/country:ca/province:on/ed:niagara_falls,Niagara Falls,1953-06-13
ocd-division/country:ca/province:on/ed:niagara_west,Niagara West,2015-08-02
ocd-division/country:ca/province:on/ed:nickel_belt,Nickel Belt,1953-06-13
ocd-division/country:ca/province:on/ed:nipissing-timiskaming,Nipissing—Timiskaming,2004-05-23
ocd-division/country:ca/province:on/ed:northumberland-peterborough_south,Northumberland—Peterborough South,2015-08-02
ocd-division/country:ca/province:on/ed:oakville,Oakville,1997-04-27
ocd-division/country:ca/province:on/ed:oakville_north-burlington,Oakville North—Burlington,2015-08-02
ocd-division/country:ca/province:on/ed:orléans,Orléans,2015-08-02
ocd-division/country:ca/province:on/ed:oshawa,Oshawa,1979-03-26
ocd-division/country:ca/province:on/ed:ottawa-vanier,Ottawa—Vanier,1973-12-12
ocd-division/country:ca/province:on/ed:ottawa_centre,Ottawa Centre,1968-04-23
ocd-division/country:ca/province:on/ed:ottawa_south,Ottawa South,1988-10-01
ocd-division/country:ca/province:on/ed:ottawa_west-nepean,Ottawa West—Nepean,1997-04-27
ocd-division/country:ca/province:on/ed:oxford,Oxford,1935-08-14
ocd-division/country:ca/province:on/ed:parkdale-high_park,Parkdale—High Park,1979-03-26
ocd-division/country:ca/province:on/ed:parry_sound-muskoka,Parry Sound—Muskoka,1949-04-30
ocd-division/country:ca/province:on/ed:perth-wellington,Perth—Wellington,2004-05-23
ocd-division/country:ca/province:on/ed:peterborough-kawartha,Peterborough—Kawartha,2015-08-02
ocd-division/country:ca/province:on/ed:pickering-uxbridge,Pickering—Uxbridge,2015-08-02
ocd-division/country:ca/province:on/ed:renfrew-nipissing-pembroke-1989,Renfrew—Nipissing—Pembroke,1989-12-29
ocd-division/country:ca/province:on/ed:richmond_hill,Richmond Hill,2004-05-23
ocd-division/country:ca/province:on/ed:sarnia-lambton-1981,Sarnia—Lambton,1981-01-17
ocd-division/country:ca/province:on/ed:sault_ste._marie,Sault Ste. Marie,1968-04-23
ocd-division/country:ca/province:on/ed:scarborough-agincourt,Scarborough—Agincourt,1988-10-01
ocd-division/country:ca/province:on/ed:scarborough-guildwood,Scarborough—Guildwood,2004-05-23
ocd-division/country:ca/province:on/ed:scarborough-rouge_park,Scarborough—Rouge Park,2015-08-02
ocd-division/country:ca/province:on/ed:scarborough_centre,Scarborough Centre,1979-03-26
ocd-division/country:ca/province:on/ed:scarborough_north,Scarborough North,2015-08-02
ocd-division/country:ca/province:on/ed:scarborough_southwest,Scarborough Southwest,1997-04-27
ocd-division/country:ca/province:on/ed:simcoe-grey,Simcoe—Grey,1997-04-27
ocd-division/country:ca/province:on/ed:simcoe_north,Simcoe North,1867-08-06
ocd-division/country:ca/province:on/ed:spadina-fort_york,Spadina—Fort York,2015-08-02
ocd-division/country:ca/province:on/ed:st._catharines,St. Catharines,1968-04-23
ocd-division/country:ca/province:on/ed:stormont-dundas-south_glengarry,Stormont—Dundas—South Glengarry,2004-05-23
ocd-division/country:ca/province:on/ed:sudbury,Sudbury,1949-04-30
ocd-division/country:ca/province:on/ed:thornhill,Thornhill,1997-04-27
ocd-division/country:ca/province:on/ed:thunder_bay-rainy_river,Thunder Bay—Rainy River,2004-05-23
ocd-division/country:ca/province:on/ed:thunder_bay-superior_north,Thunder Bay—Superior North,1998-06-18
ocd-division/country:ca/province:on/ed:timmins-james_bay,Timmins—James Bay,1997-04-27
ocd-division/country:ca/province:on/ed:toronto-danforth,Toronto—Danforth,2000-06-29
ocd-division/country:ca/province:on/ed:toronto-st._paul~s,Toronto—St. Paul's,2015-08-02
ocd-division/country:ca/province:on/ed:toronto_centre-2004,Toronto Centre,2004-05-23
ocd-division/country:ca/province:on/ed:university-rosedale,University—Rosedale,2015-08-02
ocd-division/country:ca/province:on/ed:vaughan-woodbridge,Vaughan—Woodbridge,2015-08-02
ocd-division/country:ca/province:on/ed:waterloo-2015,Waterloo,2015-08-02
ocd-division/country:ca/province:on/ed:wellington-halton_hills,Wellington—Halton Hills,2004-05-23
ocd-division/country:ca/province:on/ed:whitby,Whitby,2015-08-02
ocd-division/country:ca/province:on/ed:willowdale,Willowdale,1979-03-26
ocd-division/country:ca/province:on/ed:windsor-tecumseh,Windsor—Tecumseh,2004-05-23
ocd-division/country:ca/province:on/ed:windsor_west,Windsor West,1968-04-23
ocd-division/country:ca/province:on/ed:york-simcoe-2004,York—Simcoe,2004-05-23
ocd-division/country:ca/province:on/ed:york_centre-1953,York Centre,1953-06-13
ocd-division/country:ca/province:on/ed:york_south-weston,York South—Weston,1979-03-26
ocd-division/country:ca/province:pe/ed:cardigan,Cardigan,1968-04-23
ocd-division/country:ca/province:pe/ed:charlottetown,Charlottetown,2004-05-23
ocd-division/country:ca/province:pe/ed:egmont,Egmont,1968-04-23
ocd-division/country:ca/province:pe/ed:malpeque,Malpeque,1968-04-23
ocd-division/country:ca/province:qc/ed:abitibi-baie-james-nunavik-eeyou,Abitibi—Baie-James—Nunavik—Eeyou,2004-09-01
ocd-division/country:ca/province:qc/ed:abitibi-témiscamingue,Abitibi—Témiscamingue,2004-05-23
ocd-division/country:ca/province:qc/ed:ahuntsic-cartierville,Ahuntsic-Cartierville,2015-08-02
ocd-division/country:ca/province:qc/ed:alfred-pellan,Alfred-Pellan,2004-05-23
ocd-division/country:ca/province:qc/ed:argenteuil-la_petite-nation,Argenteuil—La Petite-Nation,2015-08-02
ocd-division/country:ca/province:qc/ed:avignon-la_mitis-matane-matapédia,Avignon—La Mitis—Matane—Matapédia,2015-08-02
ocd-division/country:ca/province:qc/ed:beauce,Beauce,1867-08-06
ocd-division/country:ca/province:qc/ed:beauport-côte-de-beaupré-île_d~orléans-charlevoix,Beauport—Côte-de-Beaupré—Île D’Orléans—Charlevoix,2015-08-02
ocd-division/country:ca/province:qc/ed:beauport-limoilou,Beauport—Limoilou,2004-09-01
ocd-division/country:ca/province:qc/ed:bellechasse-les_etchemins-lévis,Bellechasse—Les Etchemins—Lévis,2015-08-02
ocd-division/country:ca/province:qc/ed:beloeil-chambly,Beloeil—Chambly,2015-08-02
ocd-division/country:ca/province:qc/ed:berthier-maskinongé-2004,Berthier—Maskinongé,2004-05-23
ocd-division/country:ca/province:qc/ed:bourassa,Bourassa,1979-03-26
ocd-division/country:ca/province:qc/ed:brome-missisquoi-1984,Brome—Missisquoi,1984-07-09
ocd-division/country:ca/province:qc/ed:brossard-saint-lambert,Brossard—Saint-Lambert,2015-08-02
ocd-division/country:ca/province:qc/ed:bécancour-nicolet-saurel,Bécancour—Nicolet—Saurel,2015-08-02
ocd-division/country:ca/province:qc/ed:charlesbourg-haute-saint-charles,Charlesbourg—Haute-Saint-Charles,2004-09-01
ocd-division/country:ca/province:qc/ed:chicoutimi-le_fjord,Chicoutimi—Le Fjord,2015-08-02
ocd-division/country:ca/province:qc/ed:châteauguay-lacolle,Châteauguay—Lacolle,2015-08-02
ocd-division/country:ca/province:qc/ed:compton-stanstead,Compton—Stanstead,1997-04-27
ocd-division/country:ca/province:qc/ed:dorval-lachine-lasalle,Dorval—Lachine—LaSalle,2015-08-02
ocd-division/country:ca/province:qc/ed:drummond,Drummond,1968-04-23
ocd-division/country:ca/province:qc/ed:gaspésie-les_îles-de-la-madeleine,Gaspésie—Les Îles-de-la-Madeleine,2015-08-02
ocd-division/country:ca/province:qc/ed:gatineau-1997,Gatineau,1997-04-27
ocd-division/country:ca/province:qc/ed:hochelaga,Hochelaga,2004-05-23
ocd-division/country:ca/province:qc/ed:honoré-mercier,Honoré-Mercier,2004-05-23
ocd-division/country:ca/province:qc/ed:hull-aylmer,Hull—Aylmer,1984-07-09
ocd-division/country:ca/province:qc/ed:joliette-1968,Joliette,1968-04-23
ocd-division/country:ca/province:qc/ed:jonquière-2015,Jonquière,2015-08-02
ocd-division/country:ca/province:qc/ed:la_pointe-de-l~île,La Pointe-de-l'Île,2004-05-23
ocd-division/country:ca/province:qc/ed:la_prairie,La Prairie,2015-08-02
ocd-division/country:ca/province:qc/ed:lac-saint-jean,Lac-Saint-Jean,2015-08-02
ocd-division/country:ca/province:qc/ed:lac-saint-louis,Lac-Saint-Louis,1997-04-27
ocd-division/country:ca/province:qc/ed:lasalle-émard-verdun,LaSalle—Émard—Verdun,2015-08-02
ocd-division/country:ca/province:qc/ed:laurentides-labelle,Laurentides—Labelle,2004-05-23
ocd-division/country:ca/province:qc/ed:laurier-sainte-marie-2004,Laurier—Sainte-Marie,2004-09-01
ocd-division/country:ca/province:qc/ed:laval-les_îles,Laval—Les Îles,2004-05-23
ocd-division/country:ca/province:qc/ed:longueuil-charles-lemoyne,Longueuil—Charles-LeMoyne,2015-08-02
ocd-division/country:ca/province:qc/ed:longueuil-saint-hubert,Longueuil—Saint-Hubert,2015-08-02
ocd-division/country:ca/province:qc/ed:louis-hébert,Louis-Hébert,1968-04-23
ocd-division/country:ca/province:qc/ed:louis-saint-laurent,Louis-Saint-Laurent,2004-05-23
ocd-division/country:ca/province:qc/ed:lévis-lotbinière,Lévis—Lotbinière,2015-08-02
ocd-division/country:ca/province:qc/ed:manicouagan,Manicouagan,1968-04-23
ocd-division/country:ca/province:qc/ed:marc-aurèle-fortin,Marc-Aurèle-Fortin,2015-08-02
ocd-division/country:ca/province:qc/ed:mirabel,Mirabel,2015-08-02
ocd-division/country:ca/province:qc/ed:montarville,Montarville,2015-08-02
ocd-division/country:ca/province:qc/ed:montcalm-2004,Montcalm,2004-05-23
ocd-division/country:ca/province:qc/ed:montmagny-l~islet-kamouraska-rivière-du-loup,Montmagny—L’Islet—Kamouraska—Rivière-du-Loup,2004-09-01
ocd-division/country:ca/province:qc/ed:mount_royal-2015,Mount Royal,2015-08-02
ocd-division/country:ca/province:qc/ed:mégantic-l~érable,Mégantic—L'Érable,2004-05-23
ocd-division/country:ca/province:qc/ed:notre-dame-de-grâce-westmount,Notre-Dame-de-Grâce—Westmount,2015-08-02
ocd-division/country:ca/province:qc/ed:outremont-1968,Outremont,1968-04-23
ocd-division/country:ca/province:qc/ed:papineau-2004,Papineau,2004-05-23
ocd-division/country:ca/province:qc/ed:pierre-boucher-les_patriotes-verchères,Pierre-Boucher—Les Patriotes—Verchères,2015-08-02
ocd-division/country:ca/province:qc/ed:pierrefonds-dollard,Pierrefonds—Dollard,1988-10-01
ocd-division/country:ca/province:qc/ed:pontiac-2004,Pontiac,2004-05-23
ocd-division/country:ca/province:qc/ed:portneuf-jacques-cartier,Portneuf—Jacques-Cartier,2004-09-01
ocd-division/country:ca/province:qc/ed:québec,Québec,1990-12-19
ocd-division/country:ca/province:qc/ed:repentigny,Repentigny,1997-04-27
ocd-division/country:ca/province:qc/ed:richmond-arthabaska,Richmond—Arthabaska,1997-04-27
ocd-division/country:ca/province:qc/ed:rimouski-neigette-témiscouata-les_basques,Rimouski-Neigette—Témiscouata—Les Basques,2015-08-02
ocd-division/country:ca/province:qc/ed:rivière-des-mille-îles,Rivière-des-Mille-Îles,1998-06-18
ocd-division/country:ca/province:qc/ed:rivière-du-nord,Rivière-du-Nord,2004-05-23
ocd-division/country:ca/province:qc/ed:rosemont-la_petite-patrie,Rosemont—La Petite-Patrie,2004-05-23
ocd-division/country:ca/province:qc/ed:saint-hyacinthe-bagot-1981,Saint-Hyacinthe—Bagot,1981-01-17
ocd-division/country:ca/province:qc/ed:saint-jean,Saint-Jean,1968-04-23
ocd-division/country:ca/province:qc/ed:saint-laurent,Saint-Laurent,2015-08-02
ocd-division/country:ca/province:qc/ed:saint-léonard-saint-michel,Saint-Léonard—Saint-Michel,1997-04-27
ocd-division/country:ca/province:qc/ed:saint-maurice-champlain,Saint-Maurice—Champlain,2004-05-23
ocd-division/country:ca/province:qc/ed:salaberry-suroît,Salaberry—Suroît,2015-08-02
ocd-division/country:ca/province:qc/ed:shefford,Shefford,1867-08-06
ocd-division/country:ca/province:qc/ed:sherbrooke,Sherbrooke,1925-09-05
ocd-division/country:ca/province:qc/ed:terrebonne,Terrebonne,2015-08-02
ocd-division/country:ca/province:qc/ed:thérèse-de_blainville,Thérèse-De Blainville,2015-08-02
ocd-division/country:ca/province:qc/ed:trois-rivières,Trois-Rivières,1979-03-26
ocd-division/country:ca/province:qc/ed:vaudreuil-soulanges-2015,Vaudreuil—Soulanges,2015-08-02
ocd-division/country:ca/province:qc/ed:ville-marie-le_sud-ouest-île-des-soeurs,Ville-Marie—Le Sud-Ouest—Île-des-Soeurs,2015-08-02
ocd-division/country:ca/province:qc/ed:vimy,Vimy,2015-08-02
ocd-division/country:ca/province:sk/ed:battlefords-lloydminster,Battlefords—Lloydminster,1997-04-27
ocd-division/country:ca/province:sk/ed:carlton_trail-eagle_creek,Carlton Trail—Eagle Creek,2015-08-02
ocd-division/country:ca/province:sk/ed:cypress_hills-grasslands,Cypress Hills—Grasslands,1997-04-27
ocd-division/country:ca/province:sk/ed:desnethé-missinippi-churchill_river,Desnethé—Missinippi—Churchill River,2004-09-01
ocd-division/country:ca/province:sk/ed:moose_jaw-lake_centre-lanigan,Moose Jaw—Lake Centre—Lanigan,2015-08-02
ocd-division/country:ca/province:sk/ed:prince_albert-1997,Prince Albert,1997-04-27
ocd-division/country:ca/province:sk/ed:regina-lewvan,Regina—Lewvan,2015-08-02
ocd-division/country:ca/province:sk/ed:regina-qu~appelle-1998,Regina—Qu'Appelle,1998-06-18
ocd-division/country:ca/province:sk/ed:regina-wascana-2015,Regina—Wascana,2015-08-02
ocd-division/country:ca/province:sk/ed:saskatoon-grasswood,Saskatoon—Grasswood,2015-08-02
ocd-division/country:ca/province:sk/ed:saskatoon-university,Saskatoon—University,2015-08-02
ocd-division/country:ca/province:sk/ed:saskatoon_west-2015,Saskatoon West,2015-08-02
ocd-division/country:ca/province:sk/ed:souris-moose_mountain,Souris—Moose Mountain,1988-10-01
ocd-division/country:ca/province:sk/ed:yorkton-melville,Yorkton—Melville,1968-04-23
ocd-division/country:ca/territory:nt/ed:northwest_territories-2015,Northwest Territories,2015-08-02
ocd-division/country:ca/territory:nu/ed:nunavut,Nunavut,1999-04-01
ocd-division/country:ca/territory:yt/ed:yukon-1953,Yukon,1953-06-13
